Account Name,Salesforce Account Name
Afco Industries Inc,Afco Industries Inc
Eisai ,Eisai 
Aisin World Corp of America,Aisin World Corp of America
Albéa (Alcan),Albéa (Alcan)
Alex Lee,Alex Lee
"Alfa Waassermann Diagnostic Technologies, LLC","Alfa Waassermann Diagnostic Technologies, LLC"
Allied Bakeries (inc Speedibake),Allied Bakeries (inc Speedibake)
Allied Building Products Corp,Allied Building Products Corp
Allweather wood LLC,Allweather wood LLC
Altman,Altman
Ambraco,Ambraco
Amcor,Amcor
AMO ,AMO 
Andersen,Andersen
ANTHONY TIMBERLANDS INC,ANTHONY TIMBERLANDS INC
Ardagh (Boxal),Ardagh (Boxal)
Ardex,Ardex
Arvin Meritor,Arvin Meritor
Arvin Meritor,Arvin Meritor
"AT & T Services, Inc.","AT & T Services, Inc."
Atalanta Corp,Atalanta Corp
Atlas,Atlas
August Brötje GMBH,August Brötje GMBH
AutoDx,AutoDx
AWP (Yale Ogron manufacturing Co),AWP (Yale Ogron manufacturing Co)
"Azteca Foods, Inc.","Azteca Foods, Inc."
B&B Acquisition ,B&B Acquisition 
Ball Corporation,Ball Corporation
Barnes & Noble College Bookstores,Barnes & Noble College Bookstores
Bealls Department stores,Bealls Department stores
BGF Industries,BGF Industries
Big Ass Fans,Big Ass Fans
Biogen,Biogen
Bob's Stores Corp,Bob's Stores Corp
BOC,BOC
Buyer Quest,Buyer Quest
BUZZI UNICEM USA INC. ,BUZZI UNICEM USA INC. 
Casey's General Stores,Casey's General Stores
Celestica,Celestica
Ceva Logistics,Ceva Logistics
Challenger Motor Frieght,Challenger Motor Frieght
Chase Brass anc Copper Co,Chase Brass anc Copper Co
Chewy.com,Chewy.com
Church & Dwight,Church & Dwight
Cinram Logistics UK Ltd.,Cinram Logistics UK Ltd.
City Hall Records,City Hall Records
Club Car,Club Car
CM Tucker Lumber Corp,CM Tucker Lumber Corp
"CMPC USA, Inc","CMPC USA, Inc"
COLDSTORAGE SINGAPORE,COLDSTORAGE SINGAPORE
Continental Resources Inc,Continental Resources Inc
Costco Wholesale Spain,Costco Wholesale Spain
Cox Wood Preserving Company,Cox Wood Preserving Company
CP Kelco,CP Kelco
CSG System Inc.,CSG System Inc.
Culp Inc,Culp Inc
Custom Molded Products,Custom Molded Products
Dana,Dana
Daramic (previously Polypore),Daramic (previously Polypore)
Devanlay Lacoste,Devanlay Lacoste
Dupont Teijin Films,Dupont Teijin Films
Ecom Specialist LLC,Ecom Specialist LLC
Electrocomponents (RS Components UK),Electrocomponents (RS Components UK)
Electrolux,Electrolux
Empire Merchant North,Empire Merchant North
Energi Fenestration Solutions,Energi Fenestration Solutions
Excell Marketing,Excell Marketing
Flexcon,Flexcon
Fluid Master,Fluid Master
Fortis Solutions Group,Fortis Solutions Group
General Machinery Company,General Machinery Company
Girardin Moulding,Girardin Moulding
Graham Packaging,Graham Packaging
GSK Bio Pharma,GSK Bio Pharma
GSK Consumer Healthcare/Haleon,GSK Consumer Healthcare/Haleon
Hanon Systems,Hanon Systems
Helix Medical,Helix Medical
Heska Corporation,Heska Corporation
HHGregg,HHGregg
Hilti,Hilti
Hirsch,Hirsch
Hirschvogel Inc,Hirschvogel Inc
Holbrook Mfg Inc,Holbrook Mfg Inc
Howdens Joinery,Howdens Joinery
Hu-Friedy Mfg Co Inc,Hu-Friedy Mfg Co Inc
Hubert Co ,Hubert Co 
Husqvarna,Husqvarna
IBM ePricer,IBM ePricer
Ignite Farm,Ignite Farm
Impact / Lightwell / Oxford Consulting,Impact / Lightwell / Oxford Consulting
Indonesian Imports,Indonesian Imports
Innovative Heart Products,Innovative Heart Products
Intersafe Holding,Intersafe Holding
Isover,Isover
Itron,Itron
J&J Instruments Inc,J&J Instruments Inc
JLR,JLR
Johnson Controls,Johnson Controls
Jordans and Ryvita Company,Jordans and Ryvita Company
Karcher,Karcher
Katz Group / Rexall Pharmacy,Katz Group / Rexall Pharmacy
Kennametal,Kennametal
"Kind, LLC","Kind, LLC"
Kraft Heinz,Kraft Heinz
KRONOPLY GMBH,KRONOPLY GMBH
KYOWA AMERICA CORP,KYOWA AMERICA CORP
Laboratoires Prodene Klint,Laboratoires Prodene Klint
Laird Technology,Laird Technology
Lanter Distributing LLC,Lanter Distributing LLC
Lapp USA,Lapp USA
Lebanon Seaboard Corp,Lebanon Seaboard Corp
Leggett & Platt Incorporated,Leggett & Platt Incorporated
Lehigh Hanson,Lehigh Hanson
Lenovo ,Lenovo 
Lindt (International/France),Lindt (International/France)
Logistic Sales and Marketing,Logistic Sales and Marketing
Lucite International,Lucite International
M3 Inc,M3 Inc
Maintenance Supply Headquarters,Maintenance Supply Headquarters
Makino,Makino
Makita,Makita
Manfrotto Distribution,Manfrotto Distribution
Mannington Mills,Mannington Mills
MAPA / NUK,MAPA / NUK
Mapa Spontex,Mapa Spontex
Masco Services Group Corp,Masco Services Group Corp
Masterlock,Masterlock
McCormick and Company,McCormick and Company
Mead Johnson,Mead Johnson
Messer cutting systems,Messer cutting systems
Metco Industries Inc,Metco Industries Inc
Micron ,Micron 
Millipore/ Merck EMEA,Millipore/ Merck EMEA
Milsco (also known as Jason),Milsco (also known as Jason)
Mini Circuits,Mini Circuits
Mode transportation/Hub Group ,Mode transportation/Hub Group 
Musgrave Wholesale Partners,Musgrave Wholesale Partners
National Smokless Tobacco Company,National Smokless Tobacco Company
NEC Display,NEC Display
Next Group,Next Group
Nexteer Automotive Corporation,Nexteer Automotive Corporation
Nippon Pillar,Nippon Pillar
Novartis,Novartis
Novitex,Novitex
Oberthur Card Systems Corp,Oberthur Card Systems Corp
Ocean Logistics,Ocean Logistics
ODL Incorporated,ODL Incorporated
Ohio Logistics/FINDLAYS TALL TIMBERS DISTRIBUTION CENTER INC,Ohio Logistics/FINDLAYS TALL TIMBERS DISTRIBUTION CENTER INC
Olam Americas Inc,Olam Americas Inc
Olin Corporation ,Olin Corporation 
Omnicell Technologies,Omnicell Technologies
Oscar Gruss & Son,Oscar Gruss & Son
Paraco Gas Corp,Paraco Gas Corp
"PEG PEREGO U.S.A., INC.","PEG PEREGO U.S.A., INC."
"Pet Food Experts, Inc.","Pet Food Experts, Inc."
Peterson Manufacturing Co,Peterson Manufacturing Co
Pharmacia AB/Phadia,Pharmacia AB/Phadia
PHB Die Casting,PHB Die Casting
Phillips and Temro,Phillips and Temro
Pinova,Pinova
Pittsburg Glass Works,Pittsburg Glass Works
Plasan North America,Plasan North America
PlyGem,PlyGem
Polycom ,Polycom 
Port Townsend Paper Corp,Port Townsend Paper Corp
Premier Farnell,Premier Farnell
Professional Compounding Centers of America Ltd,Professional Compounding Centers of America Ltd
"Propak Logistics, Inc","Propak Logistics, Inc"
"Provident Fund Associates, LP","Provident Fund Associates, LP"
Puffer Sweiven,Puffer Sweiven
Quadrant/ Mitsubishi Chemicals,Quadrant/ Mitsubishi Chemicals
Quality Edge Co,Quality Edge Co
"Recreational Equipment, Inc. (REI) Webforms Only - EDI PERs handled by Tushar on the US Team","Recreational Equipment, Inc. (REI) Webforms Only - EDI PERs handled by Tushar on the US Team"
Rent-A-Center Franchising,Rent-A-Center Franchising
Republican Paperboard,Republican Paperboard
Resideo Technologies,Resideo Technologies
Riceland,Riceland
Rio Farms,Rio Farms
"RJ Reynolds (""plain/aluminum - if Tobacco - goes to Kurt on US Team)","RJ Reynolds (""plain/aluminum - if Tobacco - goes to Kurt on US Team)"
Roots Canada,Roots Canada
SAIA Motor Freight,SAIA Motor Freight
"Saint Gobain Technical Fabrics, Inc","Saint Gobain Technical Fabrics, Inc"
Saint Gobian Containers,Saint Gobian Containers
Saint- Gobain CIO,Saint- Gobain CIO
Sandoz,Sandoz
Sanofi,Sanofi
Sanofi NA Pharmacy,Sanofi NA Pharmacy
Schluter,Schluter
Sealing Devices Inc,Sealing Devices Inc
Seiko Instruments Inc,Seiko Instruments Inc
Sheetz,Sheetz
Shepherd Neame,Shepherd Neame
Shure,Shure
Sigma Aldrich ,Sigma Aldrich 
Silgan Plastic Corp.,Silgan Plastic Corp.
Silicon Labarotories,Silicon Labarotories
Silver Spoon,Silver Spoon
Silver Spoon a division of British Sugar Plc,Silver Spoon a division of British Sugar Plc
Smart Health,Smart Health
"Sonoco Corrflex, LLC","Sonoco Corrflex, LLC"
Sophos,Sophos
Southern Prosthetic Supply Chain,Southern Prosthetic Supply Chain
St John Knits Inc,St John Knits Inc
State Industrial Products Corp,State Industrial Products Corp
Studex U S A Inc,Studex U S A Inc
Sybron Dental Specialities Inc,Sybron Dental Specialities Inc
Systematic Fluid Power,Systematic Fluid Power
Talus Manufacturing,Talus Manufacturing
Tecumseh,Tecumseh
Tesla Motors,Tesla Motors
Tex Decor,Tex Decor
The Siemon Company,The Siemon Company
TNT MARKETING INC,TNT MARKETING INC
Top Hits Inc,Top Hits Inc
Toto,Toto
Toyota Material Handling Europe AB,Toyota Material Handling Europe AB
Toyota TMMNA,Toyota TMMNA
Tupy,Tupy
Turtle Wax-System Integration Architects - SSP,Turtle Wax-System Integration Architects - SSP
Twin Disc,Twin Disc
U GIE IRIS (Système U),U GIE IRIS (Système U)
Ubaldi,Ubaldi
Unimin Corporation,Unimin Corporation
Unipath - Alere,Unipath - Alere
United Airlines,United Airlines
Univar North America Corporation - CaaS,Univar North America Corporation - CaaS
Upstate Milk Cooperatives Inc,Upstate Milk Cooperatives Inc
US Pumice,US Pumice
USS-Posco,USS-Posco
Valmet,Valmet
Veam,Veam
VinFast,VinFast
Vista Industrial Packaging,Vista Industrial Packaging
West Groupe,West Groupe
WGI Manufacturing,WGI Manufacturing
Windstream Communications,Windstream Communications
"Xerox Capital Services, LLC","Xerox Capital Services, LLC"
Zero Chaos,Zero Chaos